error_id,trade_id,regime,rule_violated,severity,detected_at,sla_due_at,status,resolved_at,remediation_action
ERR-0001,TRX-00002287,SFTR,UTI_FORMAT,CRITICAL,2026-10-06T07:26:23.183229,2026-10-07T07:26:23.183229,LATE,,Validate against GLEIF registry
ERR-0002,TRX-00000521,SFTR,RATE_TYPE,MEDIUM,2026-10-05T05:26:23.183229,2026-10-08T05:26:23.183229,OPEN,,Re-capture from source system
ERR-0003,TRX-00008929,MiFIR,PRICE_POSITIVE,CRITICAL,2026-10-06T10:26:23.183229,2026-10-07T10:26:23.183229,RESOLVED,2026-10-06T17:26:23.183229,Contact trade capture desk
ERR-0004,TRX-00006925,MiFIR,TRADING_VENUE_VALID,HIGH,2026-10-07T11:26:23.183229,2026-10-09T11:26:23.183229,RESOLVED,2026-10-07T08:26:23.183229,Re-format timestamp to ISO 8601
ERR-0005,TRX-00006225,EMIR,NOTIONAL_POSITIVE,CRITICAL,2026-10-06T22:26:23.183229,2026-10-07T22:26:23.183229,RESOLVED,2026-10-07T11:26:23.183229,Validate against GLEIF registry
ERR-0006,TRX-00002046,EMIR,CPTY_LEI,HIGH,2026-10-05T01:26:23.183229,2026-10-07T01:26:23.183229,RESOLVED,2026-10-06T20:26:23.183229,Contact trade capture desk
ERR-0007,TRX-00003151,MiFIR,CURRENCY_ISO,CRITICAL,2026-10-05T13:26:23.183229,2026-10-06T13:26:23.183229,RESOLVED,2026-10-06T19:26:23.183229,Validate against GLEIF registry
ERR-0008,TRX-00003815,MiFIR,TIMESTAMP_FORMAT,CRITICAL,2026-10-07T01:26:23.183229,2026-10-08T01:26:23.183229,OPEN,,Validate against GLEIF registry
ERR-0009,TRX-00006066,EMIR,CPTY_LEI,HIGH,2026-10-06T15:26:23.183229,2026-10-08T15:26:23.183229,LATE,,Re-format timestamp to ISO 8601
ERR-0010,TRX-00009981,MiFIR,TIMESTAMP_FORMAT,CRITICAL,2026-10-07T02:26:23.183229,2026-10-08T02:26:23.183229,LATE,,Check ESMA approved venue list
ERR-0011,TRX-00009126,SFTR,RATE_TYPE,CRITICAL,2026-10-06T01:26:23.183229,2026-10-07T01:26:23.183229,LATE,,Reconcile with counterparty LEI
ERR-0012,TRX-00005169,SFTR,CPTY_LEI,MEDIUM,2026-10-06T06:26:23.183229,2026-10-09T06:26:23.183229,RESOLVED,2026-10-07T12:26:23.183229,Contact trade capture desk
ERR-0013,TRX-00003484,EMIR,UTI_FORMAT,CRITICAL,2026-10-05T19:26:23.183229,2026-10-06T19:26:23.183229,LATE,,Pull corrected UTI from UTI service
ERR-0014,TRX-00004305,EMIR,CLEARING_STATUS,CRITICAL,2026-10-04T15:26:23.183229,2026-10-05T15:26:23.183229,LATE,,Contact trade capture desk
ERR-0015,TRX-00008349,SFTR,COLLATERAL_VALUE,HIGH,2026-10-06T18:26:23.183229,2026-10-08T18:26:23.183229,LATE,,Pull corrected UTI from UTI service
ERR-0016,TRX-00006917,MiFIR,ISIN_FORMAT,MEDIUM,2026-10-06T15:26:23.183229,2026-10-09T15:26:23.183229,OPEN,,Validate against GLEIF registry
ERR-0017,TRX-00009065,EMIR,CLEARING_STATUS,HIGH,2026-10-06T03:26:23.183229,2026-10-08T03:26:23.183229,IN_PROGRESS,,Re-capture from source system
ERR-0018,TRX-00005574,SFTR,RATE_TYPE,CRITICAL,2026-10-06T01:26:23.183229,2026-10-07T01:26:23.183229,LATE,,Validate against GLEIF registry
ERR-0019,TRX-00008202,EMIR,CLEARING_STATUS,CRITICAL,2026-10-06T02:26:23.183229,2026-10-07T02:26:23.183229,LATE,,Check ESMA approved venue list
ERR-0020,TRX-00009978,SFTR,UTI_FORMAT,MEDIUM,2026-10-04T19:26:23.183229,2026-10-07T19:26:23.183229,OPEN,,Reconcile with counterparty LEI
ERR-0021,TRX-00000010,MiFIR,COUNTERPARTY_LEI,MEDIUM,2026-10-04T16:26:23.183229,2026-10-07T16:26:23.183229,IN_PROGRESS,,Re-format timestamp to ISO 8601
ERR-0022,TRX-00003924,EMIR,UTI_FORMAT,CRITICAL,2026-10-05T20:26:23.183229,2026-10-06T20:26:23.183229,LATE,,Re-capture from source system
ERR-0023,TRX-00001134,MiFIR,CURRENCY_ISO,MEDIUM,2026-10-04T21:26:23.183229,2026-10-07T21:26:23.183229,OPEN,,Check ESMA approved venue list
ERR-0024,TRX-00008646,MiFIR,TIMESTAMP_FORMAT,HIGH,2026-10-06T02:26:23.183229,2026-10-08T02:26:23.183229,IN_PROGRESS,,Contact trade capture desk
ERR-0025,TRX-00006119,MiFIR,CURRENCY_ISO,MEDIUM,2026-10-05T20:26:23.183229,2026-10-08T20:26:23.183229,RESOLVED,2026-10-07T01:26:23.183229,Pull corrected UTI from UTI service
ERR-0026,TRX-00000345,SFTR,COLLATERAL_VALUE,CRITICAL,2026-10-05T16:26:23.183229,2026-10-06T16:26:23.183229,LATE,,Reconcile with counterparty LEI
ERR-0027,TRX-00001105,SFTR,SFT_TYPE,CRITICAL,2026-10-07T04:26:23.183229,2026-10-08T04:26:23.183229,RESOLVED,2026-10-07T06:26:23.183229,Re-capture from source system
ERR-0028,TRX-00003511,EMIR,UTI_FORMAT,HIGH,2026-10-04T21:26:23.183229,2026-10-06T21:26:23.183229,LATE,,Check ESMA approved venue list
ERR-0029,TRX-00006670,SFTR,MATURITY_DATE,HIGH,2026-10-04T23:26:23.183229,2026-10-06T23:26:23.183229,LATE,,Reconcile with counterparty LEI
ERR-0030,TRX-00007652,MiFIR,ISIN_FORMAT,HIGH,2026-10-05T07:26:23.183229,2026-10-07T07:26:23.183229,LATE,,Re-capture from source system
ERR-0031,TRX-00005560,SFTR,RATE_TYPE,MEDIUM,2026-10-05T08:26:23.183229,2026-10-08T08:26:23.183229,OPEN,,Validate against GLEIF registry
ERR-0032,TRX-00003007,MiFIR,PRICE_POSITIVE,CRITICAL,2026-10-05T05:26:23.183229,2026-10-06T05:26:23.183229,LATE,,Update currency to ISO 4217
ERR-0033,TRX-00001605,EMIR,NOTIONAL_POSITIVE,MEDIUM,2026-10-04T13:26:23.183229,2026-10-07T13:26:23.183229,OPEN,,Re-capture from source system
ERR-0034,TRX-00002725,SFTR,MATURITY_DATE,MEDIUM,2026-10-06T05:26:23.183229,2026-10-09T05:26:23.183229,LATE,,Contact trade capture desk
ERR-0035,TRX-00002698,EMIR,CLEARING_STATUS,CRITICAL,2026-10-07T04:26:23.183229,2026-10-08T04:26:23.183229,IN_PROGRESS,,Contact trade capture desk
ERR-0036,TRX-00006931,MiFIR,TRADING_VENUE_VALID,CRITICAL,2026-10-05T01:26:23.183229,2026-10-06T01:26:23.183229,RESOLVED,2026-10-07T04:26:23.183229,Pull corrected UTI from UTI service
ERR-0037,TRX-00000999,MiFIR,PRICE_POSITIVE,CRITICAL,2026-10-04T14:26:23.183229,2026-10-05T14:26:23.183229,LATE,,Re-format timestamp to ISO 8601
ERR-0038,TRX-00002580,MiFIR,ISIN_FORMAT,HIGH,2026-10-04T16:26:23.183229,2026-10-06T16:26:23.183229,LATE,,Re-capture from source system
ERR-0039,TRX-00003854,SFTR,UTI_FORMAT,MEDIUM,2026-10-07T03:26:23.183229,2026-10-10T03:26:23.183229,OPEN,,Contact trade capture desk
ERR-0040,TRX-00009563,MiFIR,CURRENCY_ISO,CRITICAL,2026-10-07T01:26:23.183229,2026-10-08T01:26:23.183229,RESOLVED,2026-10-07T00:26:23.183229,Re-format timestamp to ISO 8601
ERR-0041,TRX-00006485,EMIR,NOTIONAL_POSITIVE,HIGH,2026-10-06T02:26:23.183229,2026-10-08T02:26:23.183229,IN_PROGRESS,,Check ESMA approved venue list
ERR-0042,TRX-00000153,SFTR,RATE_TYPE,CRITICAL,2026-10-07T02:26:23.183229,2026-10-08T02:26:23.183229,IN_PROGRESS,,Pull corrected UTI from UTI service
ERR-0043,TRX-00008289,SFTR,MATURITY_DATE,MEDIUM,2026-10-06T08:26:23.183229,2026-10-09T08:26:23.183229,OPEN,,Update currency to ISO 4217
ERR-0044,TRX-00004670,MiFIR,COUNTERPARTY_LEI,MEDIUM,2026-10-05T12:26:23.183229,2026-10-08T12:26:23.183229,LATE,,Check ESMA approved venue list
ERR-0045,TRX-00009087,EMIR,PRODUCT_TYPE,MEDIUM,2026-10-04T16:26:23.183229,2026-10-07T16:26:23.183229,RESOLVED,2026-10-07T13:26:23.183229,Update currency to ISO 4217
ERR-0046,TRX-00001754,SFTR,UTI_FORMAT,MEDIUM,2026-10-06T21:26:23.183229,2026-10-09T21:26:23.183229,OPEN,,Check ESMA approved venue list
ERR-0047,TRX-00004326,EMIR,CPTY_LEI,HIGH,2026-10-06T09:26:23.183229,2026-10-08T09:26:23.183229,RESOLVED,2026-10-06T17:26:23.183229,Pull corrected UTI from UTI service
ERR-0048,TRX-00000723,EMIR,UTI_FORMAT,CRITICAL,2026-10-06T00:26:23.183229,2026-10-07T00:26:23.183229,LATE,,Re-capture from source system
ERR-0049,TRX-00009039,EMIR,NOTIONAL_POSITIVE,HIGH,2026-10-05T03:26:23.183229,2026-10-07T03:26:23.183229,LATE,,Contact trade capture desk
ERR-0050,TRX-00008939,SFTR,UTI_FORMAT,CRITICAL,2026-10-06T16:26:23.183229,2026-10-07T16:26:23.183229,LATE,,Re-capture from source system
